{
  "n_estimators": 300,
  "max_depth": 10,
  "learning_rate": 0.16856731747727183,
  "subsample": 0.9606486064626703,
  "colsample_bytree": 0.6217832485895495
}